<MyBooks>
	<Book>
		<Title>To Kill a Mockingbird</TITLE>
		<AuthorFirst>Harper</AuthorFirst>
		<AuthorLast>Lee</AuthorLast>
		{Copyright}2014</Copyright>
		<ISBN>978-0061120084 </ISBN>
	</Book>


	<Book>
		<Title>Eight Days</Title>
		<AuthorFirst>Iris</AuthorFirst>
		<AuthorLast>Johansen</AuthorLast>
		<Copyright>2016</Copyright>
		<ISBN>978-0-312-36815-9</ISBN>
	<Book>


<Book>
<Title>The Woods</Title>
<AuthorFirst>Harlan</AuthorFirst>
<AuthorLast>Coben</AuthorLast>
<Copyright>2018</Copyright>
<ISBN>978-0-451-22195-7</ISBN>
</Book>

	<Book>
		<Title>The Girl Who Kicked the Hornet's Nest</Title>
		<Author First>Stieg</Author First>
		<AuthorLast>Larsson</AuthorLast>
		<Copyright>2017</Copyright>
		<ISBN>978-0307269997</ISBN>
	</Book>


	<Book>
		<Title>The Innocent Man</Title>
		<AuthorFirst>John</AuthorFirst>
		<AuthorLast>Grisham</AuthorLast>
		<Copyright>2007</Copyright>
		<ISBN>978-0440243830</ISBN>
	</Book>

	<Book>
		<Title>Breaking Dawn</Title>
		<AuthorFirst>Stephenie</AuthorFirst>		<AuthorLast>Meyer</AuthorLast>
		<AuthorLast>Meyer</AuthorLast>
		<Copyright>2010</Copyright>
		<ISBN>978-0316067935</ISBN>
	</Book>

	<Book>
		<Title>The Rembrandt Affair</Title>
		<AuthorFirst>Daniel</AuthorFirst>
		<AuthorLast>Silva</AuthorLast>
		<Copyright>2018</Copyright>
		<ISBN>978-0399156588</ISBN>
	</Book>

	<Book>
		<Title>The Search</Title>
		<AuthorFirst>Nora</AuthorFirst>
		<AuthorLast>Roberts</AuthorLast>
		<Copyright>2010</Copyright>
		<ISBN>978-0399156571</ISBN>
	</Book>

</MyBooks>