<?xml version="1.0" encoding="UTF-8" standalone="no" ?>


<CustomerAccounts>

	<Account>
		<Account>1482</Account>
		<First>Abby</First>
		<Last>Brunk</Last>
		<Type>Siver</Type>
	</Account>

	<Account>
		<Account>2545</Account>
		<First>Garrett</First>
		<Last>Butch</Last>
		<Type>Bronze</Type>
	</Account>


	<Account>
		<Account>794</Account>
		<First>Aaron</First>
		<Last>Blakely</Last>
		<Type>Silver</Type>
	</Account>

	

	<Account>
		<Account>852</Account>
		<First>Ella</First>
		<Last>Hardenson</Last>
		<Type>Silver</Type>
	</Account>

	

	<Account>
		<Account>162</Account>
		<First>Jon</First>
		<Last>Conners</Last>
		<Type>Silver</Type>
	</Account>

	

	<Account>
		<Account>1546</Account>
		<First>Jayne</First>
		<Last>wilks</Last>
		<Type>Silver</Type>
	</Account>

	

	<Account>
		<Account>544</Account>
		<First>Emmy</First>
		<Last>Kampen</Last>
		<Type>Gold</Type>
	</Account>

	
	<Account>
		<Account>1495</Account>
		<First>Ferrell</First>
		<Last>Camp</Last>
		<Type>Silver</Type>
	</Account>

	

	<Account>
		<Account>2837</Account>
		<First>Dan</First>
		<Last>Long</Last>
		<Type>Bronze</Type>
	</Account>

	

	<Account>
		<Account>1449</Account>
		<First>Mark</First>
		<Last>Mays</Last>
		<Type>Silver</Type>
	</Account>

	

	<Account>
		<Account>2640</Account>
		<First>Brain</First>
		<Last>Patternson</Last>
		<Type>Silver</Type>
	</Account>

	

	<Account>
		<Account>2913</Account>
		<First>Ryan</First>
		<Last>Jackson</Last>
		<Type>Silver</Type>
	</Account>

	

	<Account>
		<Account>1399</Account>
		<First>Jack</First>
		<Last>Smith</Last>
		<Type>Bronze</Type>
	</Account>

	

	<Account>
		<Account>2146</Account>
		<First>Andrew</First>
		<Last>Jones</Last>
		<Type>Gold</Type>
	</Account>

	

	<Account>
		<Account>1173</Account>
		<First>Brad</First>
		<Last>Stock</Last>
		<Type>Bronze</Type>
	</Account>

	

	<Account>
		<Account>1885</Account>
		<First>Nick</First>
		<Last>Faulk</Last>
		<Type>Gold</Type>
	</Account>

	<Account>
		<Account>1232</Account>
		<First>Evan</First>
		<Last>Wringle</Last>
		<Type>Bronze</Type>
	</Account>

	<Account>
		<Account>2804</Account>
		<First>Mike</First>
		<Last>Wilson</Last>
		<Type>Silver</Type>
	</Account>

	<Account>
		<Account>2682</Account>
		<First>Jessie</First>
		<Last>Walker</Last>
		<Type>Bronze</Type>
	</Account>

	
</CustomerAccounts>