<Department>


	<Employee>

		<Lastname>Smith</Lastname>

		<Firstname>Joe</Firstname>

		<DateHired>4/1/2003</DateHired>

	</Employee>



	<Employee>

		<Lastname>Dobsen</Lastname>

		<Firstname>Doreen</Firstname>

		<DateHired>4/1/2004</DateHired>

	</Employee>



	<Employee>

		<Lastname>Martin</Lastname>

		<Firstname>Cammie</Firstname>

		<DateHired>12/10/2011</DateHired>

	</Employee>



	<Employee>

		<Lastname>Lenz</Lastname>

		<Firstname>Cherie</Firstname>

		<DateHired>10/9/2014</DateHired>

	</Employee>



	<Employee>

		<Lastname>Butterfield</Lastname>

		<Firstname>Troy</Firstname>
		<DateHired>6/18/2009</DateHired>

	</Employee>



	<Employee>

		<Lastname>Anderson</Lastname>

		<Firstname>Carl</Firstname>

		<DateHired>5/1/2014</DateHired>

	</Employee>



	<Employee>

		<Lastname>Jennings</Lastname>

		<Firstname>Alesha</Firstname>

		<DateHired>8/24/2013</DateHired>

	</Employee>



	<Employee>

		<Lastname>Wilson</Lastname>

		<Firstname>Kevin</Firstname>

		<DateHired>7/11/2014</DateHired>

	</Employee>


	<Employee>

		<Lastname>Forgan</Lastname>

		<Firstname>Drew</Firstname>

		<DateHired>9/27/2012</DateHired>

	</Employee>



	<Employee>

		<Lastname>Rehm</Lastname>

		<Firstname>Brad</Firstname>

		<DateHired>3/11/2014</DateHired>

	</Employee>



	<Employee>

		<Lastname>Barksdale</Lastname>

		<Firstname>Claudia</Firstname>

		<DateHired>12/15/2013</DateHired>

	</Employee>



	<Employee>

		<Lastname>Galan</Lastname>

		<Firstname>Nicole</Firstname>

		<DateHired>1/15/2014</DateHired>

	</Employee>


</Department>